Freed from Desire - Xtm Remix Edit,Gala
Prayers Up (feat. Travis Scott & A-Trak),Calvin Harris
Galama,Brzo Trči Ljanmi
Yo Voy (feat. Daddy Yankee),Zion & Lennox
Scandinavia,2l
Svuda Si Oko Mene,Sasa Matic
Call on Me,Eric Prydz
"Who Wants To Live Forever - Live At The Isle Of Wight Festival, UK, 2016",Queen
АУФ,SQWOZ BAB
I Cry,Flo Rida
Roze Zlato,THCF
evermore (feat. Bon Iver),Taylor Swift
Wasted Love (feat. Lagique),Ofenbach
Maps,Maroon 5
Od rodendana do rodendana,Plavi Orkestar
Gimme Gimme (feat. Bleech) - Club Mix,Kevin McKay
Get in Love (Right Now) - Kevin McKay Remix,Lambert & Handle
Such a Good Feeling - Earth n Days Remix,Kevin McKay
E Samba - The Cube Guys & Kevin McKay Remix,Junior Jack
"1, 2 Step - Kevin's Disco Mix",Kevin McKay
Lose Your Love,Kevin McKay
Pearls,Kevin McKay
Deeper Underground - Kevin McKay Remix,Flashmob
Magic Underwear - Kevin McKay Remix,Tanera
Come Together,Kevin McKay
Flowers at My Balcony - Kevin McKay Edit,Paul Rudder
Save Me - Qubiko Remix,Kevin McKay
Real Love - Edit,Sam Dexter
Freak Like Me - Kevin's ViP Edit,Kevin McKay
Hallelujah - Odyssey Inc. Remix,David Penn
Bongo Cha Cha Cha,Goodboys
